{
    "IDname": "Blue Slime",
    "Addition": "Yes",
    "skillList": ["Jiggling Rear", "Slimy Pussy Press", "Slimy Face Sit", "Gooey Face Grind"],
    "perks": [""],
    "ItemDropList": [],
    "lossScenes": [
        {
            "NameOfScene": "Blue Slime Face Sit Loss",
            "move": "",
            "stance": "Face Sit",
            "includes": [""],
            "theScene": [ "The blue slime looks down at you as you struggle under her gelatinous form, tilting her head to one side as her eyes twinkle with surprise for a brief moment.",
                          "Speaks",
                          "Ehhhhhh? You're tired already?",
                          "She lifts herself off your tired form, and seeing that you are still conscious she lets out a playful giggle and lowers her pussy back onto you.",
                          "Speaks",
                          "I don't think you're that tired. C'mon and step it up!",
                          "She squirms, shifting her light, fluid frame until your head sinks into her nether regions.",
                          "Speaks",
                          "Uh oh, looks like you gotta please me now if you don't wanna drown!♪",
                          "",
                          "",
                          "",
                          "",
                          "",
                          "",
                          ""],
            "picture": ""
        }
    ],
    "combatDialogue": [
      {
          "lineTrigger": "HitWith",
          "move": "Ass Worship",
          "theText": [ "|f|ChangeImageLayer|/|Expression|/|Shy|n|'Do I taste good?'",
                      "|f|ChangeImageLayer|/|Expression|/|Shy|n|'Eh? Are you trying to drink me? I-It feels weird...♥'",
                      "|f|ChangeImageLayer|/|Expression|/|Base Blush|n|'Ahhh...♥ Uhm, don't forget to breathe.♪'"]
      },

      {
            "lineTrigger": "UsesMove",
            "move": "Slimy Face Sit",
            "theText": [ "|f|ChangeImageLayer|/|Expression|/|Excited|n|'Ahahah!♪'",
                         "|f|ChangeImageLayer|/|Expression|/|Excited Blush|n|'This is going to be so much {i}fun{/i}!♪'",
                         "|f|ChangeImageLayer|/|Expression|/|Smile Blush|n|'I've got you now!♪"]
        },
        {
            "lineTrigger": "UsesMove",
            "move": "Gooey Face Grind",
            "theText": [ "|f|ChangeImageLayer|/|Expression|/|Smug Blush|n|'I bet you're already hooked on this, right?'",
                         "|f|ChangeImageLayer|/|Expression|/|Base Blush|n|'Let's get you nice and cozy.♪'",
                         "|f|ChangeImageLayer|/|Expression|/|Smug Blush|n|'Just gotta get you reaaal deep in there.♥'"]
        },
        {
            "lineTrigger": "UsesMove",
            "move": "Slimy Pussy Press",
            "theText": [ "|f|ChangeImageLayer|/|Expression|/|Smug Blush|n|'I bet you're already hooked on this, right?'",
                         "|f|ChangeImageLayer|/|Expression|/|Excited Blush|n|'I won't need my legs for this.♪'",
                         "|f|ChangeImageLayer|/|Expression|/|Smug Blush|n|'C'mon, just give me a taste!♪'"]
        },
        {
            "lineTrigger": "UsesMove",
            "move": "Jiggling Rear",
            "theText": [ "|f|ChangeImageLayer|/|Expression|/|Smug Blush|n|'I bet you're already hooked on this, right?'",
                         "|f|ChangeImageLayer|/|Expression|/|Excited|n|'Oh? Wow! look at my butt jiggle!'",
                         "|f|ChangeImageLayer|/|Expression|/|Smug Blush|n|'Isn't my butt super awesome?'"]
        },

        {
            "lineTrigger": "StanceStruggle",
            "move": "Face Sit",
            "theText": [ "{ThePlayerName} tries to break free of his slimy prison..."]
        },
        {
            "lineTrigger": "StanceStruggleFail",
            "move": "Face Sit",
            "theText": [ "But her jellowy behind firmly clings to your face as she presses herself down against it, keeping you stuck to her!",
                        "But her slimy body tightly restrains you, keeping you firmly in place despite your resistance!",
                        "But her sticky goo keeps you locked in place despite your best efforts to escape them while she teases your face with her sticky pussy." ,
                        "But as you try to push her away, your hands sink into her body and get stuck!"]
        },
        {
            "lineTrigger": "StanceStruggleComment",
            "move": "Face Sit",
            "theText": [ "|f|ChangeImageLayer|/|Expression|/|Excited Blush|n|'Ahaha!♪'",
            "|f|ChangeImageLayer|/|Expression|/|Excited Blush|n|'Come on! Let's keep going!'",
            "|f|ChangeImageLayer|/|Expression|/|Excited Blush|n|'I'm going to milk out all your cum if you don't get free!♪'",
            "|f|ChangeImageLayer|/|Expression|/|Excited Blush|n|'Huh? Why would you want to stop?'"]
        },
        {
            "lineTrigger": "StanceStruggleFree",
            "move": "Face Sit",
            "theText": [ "And breaks free from the gooey pussy!"]
        },
        {
            "lineTrigger": "StanceStruggleFreeComment",
            "move": "Face Sit",
            "theText": [ "|f|ChangeImageLayer|/|Expression|/|Base Blush|n|'Heyyy, get back here!'",
                      "|f|ChangeImageLayer|/|Expression|/|Base Blush|n|'Eh? You don't want to feel super good?'"]
        }
    ],
    "victoryScenes": [
        {
            "NameOfScene": "",
            "move": "",
            "stance": "",
            "includes": [""],
            "theScene": [
            ""
            ],
            "picture": ""
        }
    ],
    "pictures": [

    ]
}
