{
    "IDname": "Bubble Slime",
    "Addition": "Yes",
    "skillList": [ "Gooey Cushion", "Gooey Cushion", "Bubbly Pussy Drink", "Total Ass-imilation"],
    "perks": [""],
    "ItemDropList": [],
    "lossScenes": [
        {
            "NameOfScene": "Bubble Slime Face Sit Loss",
            "move": "",
            "stance": "Face Sit",
            "includes": [""],
            "theScene": [ "You lay trembling with pleasure and exhaustion, and the bubble slime lifts herself off you momentarily to give you a lazy smile.",
                          "Speaks",
                          "Oh, all tuckered out Honey?♥ That's too bad, I'm still really hungry.♥ After all, you {i}really{/i} made me work for this.",
                          "She lowers herself back onto your face as the bubbling slime pool surrounds the rest of your body, easily restraining you underneath the bountiful hips of the bubble slime.",
                          "",
                          "",
                          "",
                          "",
                          "",
                          "",
                          "",
                          "",
                          "",
                          "",
                          ""],
            "picture": ""
        }
    ],
    "combatDialogue": [
      {
          "lineTrigger": "HitWith",
          "move": "Ass Worship",
          "theText": [ "|f|ChangeImageLayer|/|Expression|/|Kiss|n|'Do you like how I taste?♥'",
                       "|f|ChangeImageLayer|/|Expression|/|Lazy|n|'Mmmm...♥ Don't stop.♥'",
                       "|f|ChangeImageLayer|/|Expression|/|Lazy|n|'Hmhmhm, go ahead and spoil yourself, Honey.♥'"]
      },
      {
            "lineTrigger": "UsesMove",
            "move": "Gooey Cushion",
            "theText": [ "|f|ChangeImageLayer|/|Expression|/|Happy|n|'Don't go anywhere, okay?'",
                          "|f|ChangeImageLayer|/|Expression|/|Happy|n|'I'm not letting you get away.♥'",
                          "|f|ChangeImageLayer|/|Expression|/|Happy|n|'Why don't you come and take a dip, Honey?♥'"]
        },
        {
              "lineTrigger": "UsesMove",
              "move": "Bubbly Pussy Drink",
              "theText": [ "|f|ChangeImageLayer|/|Expression|/|Kiss|n|'Mmmm...♥ Drink as much as you want.♥'",
                           "|f|ChangeImageLayer|/|Expression|/|Kiss|n|'Hehe, I bet your thoughts are filled with fizzy bubbles.♥'",
                           "|f|ChangeImageLayer|/|Expression|/|Seductive|n|'Isn't this much nicer?♥'"]
          },
          {
                "lineTrigger": "UsesMove",
                "move": "Total Ass-imilation",
                "theText": [ "|f|ChangeImageLayer|/|Expression|/|Lazy|n|'Hahh... This is really cozy...'",
                             "|f|ChangeImageLayer|/|Expression|/|Seductive|n|'Just relax.♥'",
                             "|f|ChangeImageLayer|/|Expression|/|Lazy|n|'Don't move.♥'"]
            },

            {
                "lineTrigger": "StanceStruggle",
                "move": "Face Sit",
                "theText": [ "{ThePlayerName} tries to struggle out from the gargantuan ooze's privates..."]
            },
            {
                "lineTrigger": "StanceStruggleFail",
                "move": "Face Sit",
                "theText": [ "But her large slimy pool keeps your movements restricted and refuses to let you go!",
                            "But as you try to push away from her away, your hands sink into her body and get stuck!",
                            "But as she bounces on your face you find your hands gently holding her waist instead, appreciating  her plush curves instead of escaping.",
                            "But you can't seem to break free of the Bubble Slime's loving embrace! Leaving you sinking even more into her fizzing, apple scented pool."]
            },
            {
                "lineTrigger": "StanceStruggleComment",
                "move": "Face Sit",
                "theText": [ "|f|ChangeImageLayer|/|Expression|/|Frown|n|'Come on, don't struggle. I don't want to exert myself too much, Honey.'",
                "|f|ChangeImageLayer|/|Expression|/|Happy|n|'I promise this is going to be very relaxing.'",
                "|f|ChangeImageLayer|/|Expression|/|Happy|n|'Hehehe, I bet the bubbles are making you a little dizzy...'",
                "|f|ChangeImageLayer|/|Expression|/|Lazy|n|'Now, now, I just want you nice and cozy, Honey.'"]
            },
            {
                "lineTrigger": "StanceStruggleFree",
                "move": "Face Sit",
                "theText": [ "And breaks free of the all-encompassing pool of slime!"]
            },
            {
                "lineTrigger": "StanceStruggleFreeComment",
                "move": "Face Sit",
                "theText": [ "|f|ChangeImageLayer|/|Expression|/|Frown|n|'You're really making me work for this...'",
                          "|f|ChangeImageLayer|/|Expression|/|Frown|n|'Get back here... Ugh...'",
                          "|f|ChangeImageLayer|/|Expression|/|Curious|n|'Come on Honey... Won't you just cuddle with me for a moment?'",
                          "|f|ChangeImageLayer|/|Expression|/|Frown|n|'Mnnn... I don't really want to move more... But I really want you under me..."]
            }
    ],
    "victoryScenes": [
        {
            "NameOfScene": "",
            "move": "",
            "stance": "",
            "includes": [""],
            "theScene": [
            ""
            ],
            "picture": ""
        }
    ],
    "pictures": [

    ]
}
