{
    "IDname": "Ghost",
    "Addition": "Yes",
    "skillList": ["Ethereal Domination", "Spooky Pussy Press", "Ghastly Ass Power"],
    "perks": [""],
    "ItemDropList": [],
    "lossScenes": [
        {
            "NameOfScene": "Ghost Face Sit Loss",
            "move": "",
            "stance": "Face Sit",
            "includes": ["Ghost"],
            "theScene": [ "",
                          "",
                          "",
                          "",
                          "",
                          "",
                          "",
                          "",
                          "",
                          "",
                          "",
                          "",
                          "",
                          ""],
            "picture": ""
        }
    ],
    "combatDialogue": [
      {
          "lineTrigger": "HitWith",
          "move": "Ass Worship",
          "theText": [ "|f|ChangeImageLayer|/|Expression|/|Horny|n|'Oohhh,♪ that feels lovely.♥'",
                       "|f|ChangeImageLayer|/|Expression|/|Smile|n|'Mmmm...♥ I didn't know this could feel so nice.♥'",
                       "|f|ChangeImageLayer|/|Expression|/|Smile|n|'M-Most of my butt is ethereal... But if you're enjoying yourself...'"]
      },
      {
            "lineTrigger": "UsesMove",
            "move": "Ethereal Domination",
            "theText": [ "|f|ChangeImageLayer|/|Expression|/|Spooky|n|'OooooOOoo, curse you.♥'",
                         "|f|ChangeImageLayer|/|Expression|/|Smug|n|'Heheh, you're cursed now.♥'",
                         ""]
        },
        {
              "lineTrigger": "UsesMove",
              "move": "Spooky Pussy Press",
              "theText": [ "|f|ChangeImageLayer|/|Expression|/|Smug|n|'Heheh, you're cursed now.♥'",
                           "|f|ChangeImageLayer|/|Expression|/|Smile|n|'Mmmm,♥ you feel good.♥'",
                           "|f|ChangeImageLayer|/|Expression|/|Smug|n|'You can't resist us forever.♥'"]
          },
          {
                "lineTrigger": "UsesMove",
                "move": "Ghastly Ass Power",
                "theText": [ "|f|ChangeImageLayer|/|Expression|/|Smug|n|'Heheh, you're cursed now.♥'",
                             "|f|ChangeImageLayer|/|Expression|/|Smile|n|'Hehe,♥ how long can you endure this?♥'",
                             "|f|ChangeImageLayer|/|Expression|/|Smug|n|'Hehe,♥ soon you'll be helpless.♥"]
            },

            {
                "lineTrigger": "StanceStruggle",
                "move": "Face Sit",
                "theText": [ "{ThePlayerName} tries to escape the haunting behind dominating their face..."]
            },
            {
                "lineTrigger": "StanceStruggleFail",
                "move": "Face Sit",
                "theText": [ "But your hands pass ineffectively through her ethereal body, leaving you recoiling at the chilling sensation, and she merely giggles as she continues to bounce on your face.",
                          "But her juices coat your face, sending a powerful chill through your body that makes all your hairs stand on end.",
                          "But she easily uses her magic to pin your hands to your side, keeping you trapped underneath her.",
                          "But the strong scent of her pussy allures you to remain under her, and to please her with all your might."]
            },
            {
                "lineTrigger": "StanceStruggleComment",
                "move": "Face Sit",
                "theText": [ "|f|ChangeImageLayer|/|Expression|/|Smile|n|'Stop trying to make us part so soon.♥'",
                "|f|ChangeImageLayer|/|Expression|/|Smile|n|'Aw,♥ don't be scared.♥ I just want to drain your balls dry.♥'",
                "|f|ChangeImageLayer|/|Expression|/|Smile|n|'Hehehe,♥ you can't escape from fate.♥'",
                "|f|ChangeImageLayer|/|Expression|/|Smile|n|'Hehe,♥ you can't push away what you can't touch.♥'"]
            },
            {
                "lineTrigger": "StanceStruggleFree",
                "move": "Face Sit",
                "theText": [ "And pull yourself away from her ghastly pussy!"]
            },
            {
                "lineTrigger": "StanceStruggleFreeComment",
                "move": "Face Sit",
                "theText": [ "|f|ChangeImageLayer|/|Expression|/|Spooky|n|'Curseeee youuuuu... Hehe.♥'",
                          "|f|ChangeImageLayer|/|Expression|/|Spooky|n|'OoooOooo,♥ I'm still going to haunt youuuu.♥'",
                          "|f|ChangeImageLayer|/|Expression|/|Smile|n|'Hmmmm... Was I being too spooky?'",
                          "|f|ChangeImageLayer|/|Expression|/|Smile|n|'Aw,♥ don't be scared.♥ I just wanted to drain your balls dry.♥'",
                          "|f|ChangeImageLayer|/|Expression|/|Smile|n|'Hehehe,♥ you can't escape from fate.♥'",
                          "|f|ChangeImageLayer|/|Expression|/|Smile|n|'Parting so soon... Well, I guess I'll try again!♥'"]
            }
    ],
    "victoryScenes": [
        {
            "NameOfScene": "",
            "move": "",
            "stance": "",
            "includes": [""],
            "theScene": [
            ""
            ],
            "picture": ""
        }
    ],
    "pictures": [

    ]
}
