{
    "name": "Fungal Facesitting",
    "cost": "0",
    "costType": "ep",
    "requiredLevel": "0",
    "learningCost": "0",
    "skillType": "attack",
    "statType": "Allure",
    "requiredStat": "0",
    "skillTags": [ "Mouth"],
    "fetishTags": [ "Sex", "Ass"],
    "startsStance": "Face Sit",
    "requiresStance": "Any",
    "unusableIfStance": [ "Any"],
    "requiresTargetStance": [ "Any"],
    "unusableIfTarget": [ "Penetration", "Face Sit", "Making Out"],
    "removesStance": "None",
    "requiresStatusEffect": "None",
    "requiresStatusPotency": "0",
    "unusableIfStatusEffect": [ "None"],
    "power": "20",
    "minRange": "100",
    "maxRange": "110",
    "recoil": "20",
    "targetType": "single",
    "statusEffect": "None",
    "statusChance": "0",
    "statusDuration": "0",
    "statusPotency": "0",
    "statusResistedBy": "",
    "statusText": "",
    "descrip": "Matango FS Stance",
    "outcome": "[AttackerName] lures [TargetName] closer to her, her exotic spores digging into [TargetHisOrHer] brain. Once close enough [AttackerName] grabs the adventurer and places [TargetHisOrHer] face inbetween her slender, smooth thighs. Without any further provocation [TargetName] begins to lick dutifully at the budding lips of the mushroom girl.",
    "miss": "[AttackerName] attempts to grab at [TargetName], who steps away from [AttackerName] right as she goes for the grab.",
    "statusOutcome": "",
    "statusMiss": "",
    "restraintStruggle": "",
    "restraintStruggleCharmed": "",
    "restraintEscaped": "",
    "restraintEscapedFail": ""
}
