{
    "name": "Beefy Booty",
    "cost": "0",
    "costType": "ep",
    "requiredLevel": "0",
    "learningCost": "0",
    "skillType": "attack",
    "statType": "Power",
    "requiredStat": "0",
    "skillTags": [ "Mouth"],
    "fetishTags": [ "Sex", "Ass"],
    "startsStance": "",
    "requiresStance": "Face Sit",
    "unusableIfStance": [ "Sex", "Anal"],
    "requiresTargetStance": ["Any"],
    "unusableIfTarget": [ "Sex", "Anal", "Making Out"],
    "removesStance": "None",
    "requiresStatusEffect": "None",
    "requiresStatusPotency": "0",
    "unusableIfStatusEffect": [ "None"],
    "power": "20",
    "minRange": "85",
    "maxRange": "110",
    "recoil": "25",
    "targetType": "single",
    "statusEffect": "None",
    "statusChance": "0",
    "statusDuration": "0",
    "statusPotency": "0",
    "statusResistedBy": "",
    "statusText": "",
    "descrip": "",
    "outcome": "{AttackerName} bounces a single time and as she is in the air she respositions her muscular ass so that she lands on the face of {TargetName}. {TargetName} is immediately hit with the strangely pleasant scent of {AttackerName}'s ass, and begins to kiss and caress the ass attacking {TargetHimOrHer}.",
    "miss": "{AttackerName} wraps {TargetName} into a headlock using her legs, but {TargetName} ignores the pussy humping {TargetHisOrHer} face and focuses on breathing in this hold.",
    "statusOutcome": "",
    "statusMiss": "",
    "restraintStruggle": "",
    "restraintStruggleCharmed": "",
    "restraintEscaped": "",
    "restraintEscapedFail": ""
}
