{
    "name": "Minotaur Face Bucking",
    "cost": "0",
    "costType": "ep",
    "requiredLevel": "0",
    "learningCost": "0",
    "skillType": "attack",
    "statType": "Power",
    "requiredStat": "0",
    "skillTags": [ "Mouth"],
    "fetishTags": [ "Sex", "Ass"],
    "startsStance": "",
    "requiresStance": "Face Sit",
    "unusableIfStance": [ "Sex", "Anal"],
    "requiresTargetStance": ["Any"],
    "unusableIfTarget": [ "Sex", "Anal", "Making Out"],
    "removesStance": "None",
    "requiresStatusEffect": "None",
    "requiresStatusPotency": "0",
    "unusableIfStatusEffect": [ "None"],
    "power": "20",
    "minRange": "95",
    "maxRange": "110",
    "recoil": "30",
    "targetType": "single",
    "statusEffect": "None",
    "statusChance": "0",
    "statusDuration": "0",
    "statusPotency": "0",
    "statusResistedBy": "",
    "statusText": "",
    "descrip": "",
    "outcome": "{AttackerName} wraps her legs around the head of {TargetName}, and begins to hump her preys face with her pussy. {TargetName} is forced to open {TargetHisOrHer} mouth and start licking in a desperate attempt to get some air as {TargetHisOrHer} entire space is dominated by the muscular pelvis of {AttackerName}.",
    "miss": "{AttackerName} wraps {TargetName} into a headlock using her legs, but {TargetName} ignores the pussy humping {TargetHisOrHer} face and focuses on breathing in this hold.",
    "statusOutcome": "",
    "statusMiss": "",
    "restraintStruggle": "",
    "restraintStruggleCharmed": "",
    "restraintEscaped": "",
    "restraintEscapedFail": ""
}
