{
    "name": "Reverse Bull Riding",
    "cost": "0",
    "costType": "ep",
    "requiredLevel": "0",
    "learningCost": "0",
    "skillType": "attack",
    "statType": "Power",
    "requiredStat": "0",
    "skillTags": [ "Mouth"],
    "fetishTags": [ "Sex", "Ass"],
    "startsStance": "Face Sit",
    "requiresStance": "Any",
    "unusableIfStance": [ "Any"],
    "requiresTargetStance": [ "Any"],
    "unusableIfTarget": [ "Penetration", "Face Sit", "Making Out"],
    "removesStance": "None",
    "requiresStatusEffect": "None",
    "requiresStatusPotency": "0",
    "unusableIfStatusEffect": [ "None"],
    "power": "20",
    "minRange": "95",
    "maxRange": "110",
    "recoil": "20",
    "targetType": "single",
    "statusEffect": "None",
    "statusChance": "0",
    "statusDuration": "0",
    "statusPotency": "0",
    "statusResistedBy": "",
    "statusText": "",
    "descrip": "",
    "outcome": "{AttackerName} charges into {TargetName}, throwing {TargetHimOrHer} to the ground with impressive speed and force. As {TargetName} lies on {TargetHisOrHer} back the sky suddenly darkens as the impressive physique of {AttackerName} hangs above {TargetHimOrHer}, her powerful pussy hungry and wet. |n|In a flash {AttackerName} descends upon the prone hero and presses her pussy to the face of {TargetName}, who is immediately overcome with the slightly sweaty scent of her athletic pussy.",
    "miss": "{AttackerName} attempts to knock {TargetName} flat on the ground, but {TargetName} manages to sidestep the charging monster.",
    "statusOutcome": "",
    "statusMiss": "",
    "restraintStruggle": "",
    "restraintStruggleCharmed": "",
    "restraintEscaped": "",
    "restraintEscapedFail": ""
}
