{
    "name": "Ass Worship",
    "costType": "ep",
        "cost": "5",
    "requiredLevel": "1",
    "learningCost": "50",
    "skillType": "attack",
    "statType": "Allure",
    "requiredStat": "0",
    "skillTags": ["Ass"],
    "fetishTags": ["Oral"],
    "startsStance": [""],
    "requiresStance": "Face Sit",
    "unusableIfStance": [""],
    "requiresTargetStance": ["Face Sit"],
    "unusableIfTarget": [""],
    "removesStance": ["None"],
    "requiresPerk": [""],
    "requiresOnePerk": "",
    "unusableIfPerk": [""],
    "requiresPerkSelf": [""],
    "requiresOnePerkSelf": "",
    "unusableIfPerkSelf": [""],
    "requiresStatusEffect": "None",
    "requiresStatusPotency": "0",
    "unusableIfStatusEffect": ["None"],
    "targetType": "single",
        "accuracy": "0",
        "initiative": "0",
    "power": "30",
        "minRange": "90",
        "maxRange": "110",
    "recoil": "60",
    "critDamage": "0",
    "critChance": "0",
    "statusEffect": "None",
        "statusPotency": "0",
        "statusEffectScaling": "0",
        "statusDuration": "0",
        "statusChance": "0",
        "statusResistedBy": "",
    "statusText": "",
    "descrip": "Shifts your focus from your enemies pussy to her ass as she presses onto your face. Recoils intensely from worshiping. This is an Indulgent skill",
    "outcome": "[AttackerName] licks and caresses the ass of the woman dominating [AttackerHimOrHer]. [TargetName] moans as [AttackerName] fervently worships [TargetHisOrHer] ass, and places a hand on [AttackerHisOrHer] head as she revels in the worship.",
    "miss": "[AttackerName] worshipfully licks [TargetName]'s bountiful ass with fervor, but [TargetHeOrShe] merely buries [AttackerName]'s face deeper into her ass.",
    "statusOutcome": "",
    "statusMiss": "",
    "restraintStruggle": [""],
    "restraintStruggleCharmed": [""],
    "restraintEscaped": [""],
    "restraintEscapedFail": [""]
}
