{
    "name": "Bubbly Pussy Drink",
    "cost": "0",
    "costType": "ep",
    "requiredLevel": "0",
    "learningCost": "0",
    "skillType": "attack",
    "statType": "Technique",
    "requiredStat": "0",
    "skillTags": [ "Mouth"],
    "fetishTags": [ "Sex", "Ass"],
    "startsStance": "",
    "requiresStance": "Face Sit",
    "unusableIfStance": [ "Sex", "Anal"],
    "requiresTargetStance": ["Any"],
    "unusableIfTarget": [ "Sex", "Anal", "Making Out"],
    "removesStance": "None",
    "requiresStatusEffect": "None",
    "requiresStatusPotency": "0",
    "unusableIfStatusEffect": [ "None"],
    "power": "25",
    "minRange": "90",
    "maxRange": "110",
    "recoil": "10",
    "targetType": "single",
    "statusEffect": "Aphrodisiac",
    "statusChance": "75",
    "statusDuration": "5",
    "statusPotency": "8",
    "statusResistedBy": "Power",
    "statusText": "",
    "descrip": "",
    "outcome": "The fizzing juices of {AttackerName}'s pussy flow down the throat of {TargetName}. {TargetName} struggles against the soothing effect of the juices as {TargetHeOrShe} feels {TargetHisOrHer} blood start to warm under the intoxicating effects of the slime.",
    "miss": "{AttackerName} forces the juices of her pussy onto {TargetName}, who barely avoids getting them into {TargetHisOrHer} mouth.",
    "statusOutcome": "The fizzy juices of {AttackerName} gets to the head of {TargetName}, who begins to feel the intoxicating effects take hold.",
    "statusMiss": "",
    "restraintStruggle": "",
    "restraintStruggleCharmed": "",
    "restraintEscaped": "",
    "restraintEscapedFail": ""
}
