{
    "name": "Flower Press",
    "cost": "0",
    "costType": "ep",
    "requiredLevel": "0",
    "learningCost": "0",
    "skillType": "attack",
    "statType": "Technique",
    "requiredStat": "0",
    "skillTags": [ "Mouth"],
    "fetishTags": [ "Sex", "Ass"],
    "startsStance": "",
    "requiresStance": "Face Sit",
    "unusableIfStance": [ "Sex", "Anal"],
    "requiresTargetStance": ["Any"],
    "unusableIfTarget": [ "Sex", "Anal", "Making Out"],
    "removesStance": "None",
    "requiresStatusEffect": "None",
    "requiresStatusPotency": "0",
    "unusableIfStatusEffect": [ "None"],
    "power": "25",
    "minRange": "90",
    "maxRange": "110",
    "recoil": "10",
    "targetType": "single",
    "statusEffect": "Aphrodisiac",
    "statusChance": "65",
    "statusDuration": "3",
    "statusPotency": "5",
    "statusResistedBy": "Willpower",
    "statusText": "",
    "descrip": "",
    "outcome": "{AttackerName} tightly grips the hair of {TargetName} and begins to sensually grind her pussy into the face of {TargetName}, whose only recourse is to lap at the dripping fluids coming from the pussy dominating {TargetHisOrHer} face. |n|As {TargetName} licks at the juices {TargetHeOrShe} feel a warmth begin to flow through {TargetHisOrHer} body as pleasure overtakes them.",
    "miss": "{AttackerName} pulls the face of {TargetName} closer to her pussy. {TargetName} struggles against this and keeps {TargetHisOrHer} lips closed.",
    "statusOutcome": "",
    "statusMiss": "",
    "restraintStruggle": "",
    "restraintStruggleCharmed": "",
    "restraintEscaped": "",
    "restraintEscapedFail": ""
}
