{
    "name": "Pink Punisher",
    "cost": "0",
    "costType": "ep",
    "requiredLevel": "0",
    "learningCost": "0",
    "skillType": "attack",
    "statType": "Technique",
    "requiredStat": "0",
    "skillTags": [ "Mouth"],
    "fetishTags": [ "Sex", "Ass"],
    "startsStance": "",
    "requiresStance": "Face Sit",
    "unusableIfStance": [ "Sex", "Anal"],
    "requiresTargetStance": ["Any"],
    "unusableIfTarget": [ "Sex", "Anal", "Making Out"],
    "removesStance": "None",
    "requiresStatusEffect": "None",
    "requiresStatusPotency": "0",
    "unusableIfStatusEffect": [ "None"],
    "power": "20",
    "minRange": "85",
    "maxRange": "110",
    "recoil": "10",
    "targetType": "single",
    "statusEffect": "None",
    "statusChance": "0",
    "statusDuration": "0",
    "statusPotency": "0",
    "statusResistedBy": "",
    "statusText": "",
    "descrip": "",
    "outcome": "{AttackerName} presses her voluptuous ass into the face of {TargetName}, swaying her hips as she does to further bury her prey. {TargetName} is overwhelmed by the act and begins to lick at the rose colored behind of {AttackerName}.",
    "miss": "{AttackerName} presses her ass into the face of {TargetName}, who angles {TargetHisOrHer} face away from the ass and avoids the interaction.",
    "statusOutcome": "",
    "statusMiss": "",
    "restraintStruggle": "",
    "restraintStruggleCharmed": "",
    "restraintEscaped": "",
    "restraintEscapedFail": ""
}
