{
    "name": "Head over to Vivian.",
    "CardType": "Event",
    "Addition": "Yes",
    "CardLimit": "0",
    "Description": "",
    "requires": [ ""],
    "Speakers": [
                  {
                    "name": "Vivian",
                    "postName": "",
                    "SpeakerType": "Monster"
                  }
                ],
    "EventText": [
      {
          "NameOfScene": "Learn Skills.",
          "theScene": [ "SkillShoppingMenu",
            "Seduce", "Ear Tease", "Mass Seduction", "Enamor", "Smoldering Seduction", "Smoldering Flaunt", "Sensually Seductive Kiss", "Placebo Pheromone", "Distract",  "Moxie", "Disarming Appeal", "Fondle Ass", "Breast Fondle", "Tantric Thrust", "Passionate Lovemaking", "Breast Nuzzle", "Face Fuck", "Tit Fucking", "Pussy Worship", "Ass Worship", "EndLoop",
                        "JumpToScene", "VisitMenu"
                    ]
      }



                ]
}
