{
    "name": "Peachy Perch",
    "cost": "5",
    "costType": "ep",
    "requiredLevel": "0",
    "learningCost": "0",
    "skillType": "attack",
    "statType": "Technique",
    "requiredStat": "0",
    "skillTags": [ "Mouth"],
    "fetishTags": [ "Sex", "Ass"],
    "startsStance": "Face Sit",
    "requiresStance": "Any",
    "unusableIfStance": [ "Any"],
    "requiresTargetStance": [ "Any"],
    "unusableIfTarget": [ "Penetration", "Face Sit", "Making Out"],
    "removesStance": "None",
    "requiresStatusEffect": "None",
    "requiresStatusPotency": "0",
    "unusableIfStatusEffect": [ "None"],
    "power": "15",
    "minRange": "90",
    "maxRange": "110",
    "recoil": "20",
    "targetType": "single",
    "statusEffect": "None",
    "statusChance": "0",
    "statusDuration": "0",
    "statusPotency": "0",
    "statusResistedBy": "",
    "statusText": "",
    "descrip": "",
    "outcome": "[AttackerName] lures in [TargetName] before grabbing at them and swiftly placing [TargetHisOrHer] head between her thighs! As [TargetName] recovers from the sudden movement they are greeted by the overwhelming floral scent and sight of [AttackerName]'s pussy in [TargetHisOrHer] face as it slowly drips sweet nectar into [TargetHisOrHer] face. |n|[AttackerName] slowly settles into her flower, pressing her pussy against the struggling face of [TargetName], who can only do [TargetHisOrHer] best to breathe among the thick scent of [TargetHisOrHer] captor.",
    "miss": "[AttackerName] grabs [TargetName] by the wrists and attempts to place [TargetHisOrHer] face under her dripping wet pussy. However, in her haste she accidentally rams [TargetName] into her breasts, and releases her prey out of a strange sense of shame.",
    "statusOutcome": "",
    "statusMiss": "",
    "restraintStruggle": "",
    "restraintStruggleCharmed": "",
    "restraintEscaped": "",
    "restraintEscapedFail": ""
}
