{
    "name": "Minotaur Pussy Smothering",
    "cost": "0",
    "costType": "ep",
    "requiredLevel": "0",
    "learningCost": "0",
    "skillType": "attack",
    "statType": "Power",
    "requiredStat": "0",
    "skillTags": [ "Mouth"],
    "fetishTags": [ "Sex", "Ass"],
    "startsStance": "",
    "requiresStance": "Face Sit",
    "unusableIfStance": [ "Sex", "Anal"],
    "requiresTargetStance": ["Any"],
    "unusableIfTarget": [ "Sex", "Anal", "Making Out"],
    "removesStance": "None",
    "requiresStatusEffect": "None",
    "requiresStatusPotency": "0",
    "unusableIfStatusEffect": [ "None"],
    "power": "30",
    "minRange": "95",
    "maxRange": "110",
    "recoil": "40",
    "targetType": "single",
    "statusEffect": "Charm",
    "statusChance": "105",
    "statusDuration": "5",
    "statusPotency": "0",
    "statusResistedBy": "",
    "statusText": "",
    "descrip": "",
    "outcome": "[AttackerName] uses all of her impressive leg strength to double down on her grip of [TargetName]'s head, forcing them to suck and lick at her toned pussy.",
    "miss": "[AttackerName] wraps [TargetName] into a headlock using her legs, but [TargetName] has managed to keep [TargetHisOrHer] mouth free to keep breathing, instead of being smothered by the domineering pussy in front of them.",
    "statusOutcome": "As [TargetName] is forced to lick at the pussy of [TargetHisOrHer] captor, the restriction of air begins to dizzy [TargetHimOrHer], and the scent of [AttackerName]'s pussy becomes the only thing [TargetHisOrHer] can think about.",
    "statusMiss": "[TargetName] resists the charming allure of [AttackerName]'s overwhelming pussy.",
    "restraintStruggle": "",
    "restraintStruggleCharmed": "",
    "restraintEscaped": "",
    "restraintEscapedFail": ""
}
